{
	"name": "deprecated-modules",
	"title": "Deprecated Modules",
	"description": "Warns gamemasters when they're using a module that's been integrated into core or is considered unsafe to use.",
	"version": "1.0.1",
	"author": "iceman76",
	"minimumCoreVersion": "0.6.6",
	"compatibleCoreVersion": "0.7.9",
	"esmodules": [
		"deprecatedModules.js"
	],
	"languages": [
		{
			"lang": "en",
			"name": "English",
			"path": "lang/en.json"
		}
	],
	"allowBugReporter": true,
	"url": "https://github.com/League-of-Foundry-Developers/FoundryVTT-Deprecated-Modules",
	"manifest": "https://github.com/League-of-Foundry-Developers/FoundryVTT-Deprecated-Modules/releases/latest/download/module.json",
	"download": "https://github.com/League-of-Foundry-Developers/FoundryVTT-Deprecated-Modules/releases/latest/download/module.zip",
	"license": "https://github.com/League-of-Foundry-Developers/FoundryVTT-Deprecated-Modules/blob/master/LICENSE",
	"readme": "https://github.com/League-of-Foundry-Developers/FoundryVTT-Deprecated-Modules/blob/master/README.md",
	"bugs": "https://github.com/League-of-Foundry-Developers/FoundryVTT-Deprecated-Modules/issues",
	"changelog": "https://github.com/League-of-Foundry-Developers/FoundryVTT-Deprecated-Modules/blob/master/CHANGELOG.md"
}